USE ADMINISTRACION_COMPUTADORAS;

INSERT INTO PERSONAS VALUES 
(33711027, 'Debby', 'Artis', '90893 Northland Terrace', '2844293089', 'dartis0@ameblo.jp', '1993-07-04', '2021-05-28', 'Activo'),
(38459916, 'Harriette', 'Bellord', '8 Westend Road', '3222300920', 'hbellord1@imgur.com', '1997-03-09', '2022-10-06', 'Activo'),
(31172083, 'Obediah', 'Sharratt', '7287 Quincy Place', '3284322780', 'osharratt2@narod.ru', '1992-07-30', '2022-05-04', 'Activo'),
(37301106, 'Corena', 'Canellas', '49271 Riverside Hill', '5996124569', 'ccanellas3@npr.org', '1999-04-22', '2020-12-17', 'Activo'),
(31717590, 'Devin', 'Jahn', '11 Gerald Crossing', '2382222738', 'djahn4@networksolutions.com', '1992-04-01', '2022-06-21', 'Activo'),
(38518290, 'Augustina', 'Sikora', '9 Caliangt Court', '7225411661', 'asikora5@oaic.gov.au', '1993-11-05', '2021-11-15', 'Activo'),
(38095226, 'Corinne', 'Jurisch', '3601 Springs Way', '8281353380', 'cjurisch6@ocn.ne.jp', '1996-08-04', '2021-05-22', 'Activo'),
(39626913, 'Lowell', 'St. Quintin', '9401 Village Green Plaza', '2527137118', 'lstquintin7@paypal.com', '2000-01-19', '2022-07-31', 'Activo'),
(38792588, 'Ann-marie', 'Blatchford', '18 Farragut Parkway', '3266757042', 'ablatchford8@freewebs.com', '1994-07-31', '2020-11-08', 'Activo'),
(38403928, 'Gwennie', 'Lamborne', '3 American Ash Road', '2296388542', 'glamborne9@jugem.jp', '1992-11-14', '2021-02-16', 'Activo'),
(33364334, 'Rubin', 'Matschke', '0 Clove Center', '3675586675', 'rmatschkea@slashdot.org', '2000-09-23', '2022-02-11', 'Activo'),
(31195243, 'Jarib', 'Venditto', '62448 Melody Place', '3158545469', 'jvendittob@creativecommons.org', '1995-06-08', '2021-10-15', 'Activo'),
(38968141, 'Katerine', 'Moulder', '443 Lunder Way', '7711425159', 'kmoulderc@digg.com', '1992-09-01', '2021-09-05', 'Activo'),
(32892881, 'Lurette', 'O''Lennachain', '96 American Ash Circle', '6593158885', 'lolennachaind@linkedin.com', '2000-01-26', '2022-02-01', 'Activo'),
(38790177, 'Idalina', 'Oats', '6644 Fairfield Lane', '6741545584', 'ioatse@senate.gov', '1993-12-26', '2022-05-06', 'Activo'),
(36596421, 'Jemimah', 'Vyse', '1 Chive Lane', '3391840940', 'jvysef@berkeley.edu', '1994-12-22', '2021-06-23', 'Activo'),
(33431128, 'Wendy', 'Zapata', '561 Corry Lane', '5827235960', 'wzapatag@msn.com', '1997-06-30', '2021-02-28', 'Activo'),
(39989721, 'Keelia', 'Semechik', '4 1st Crossing', '1516217148', 'ksemechikh@seattletimes.com', '1994-04-06', '2022-09-09', 'Activo'),
(39928443, 'Loraine', 'Froment', '16560 Basil Junction', '5699969075', 'lfromenti@nyu.edu', '1997-11-20', '2020-11-13', 'Activo'),
(37322198, 'Marlie', 'Perceval', '222 Welch Hill', '2229818555', 'mpercevalj@vinaora.com', '1998-04-17', '2021-01-05', 'Activo'),
(38544236, 'Caron', 'Vaneev', '82 Melrose Plaza', '9609838002', 'cvaneevk@npr.org', '1995-03-22', '2022-05-01', 'Activo'),
(39280100, 'Alysa', 'Corhard', '3 Shoshone Alley', '6922767086', 'acorhardl@godaddy.com', '1995-08-13', '2021-11-27', 'Activo'),
(37409653, 'Hogan', 'Butteris', '8732 Esker Junction', '2183525995', 'hbutterism@unesco.org', '1998-02-26', '2021-11-16', 'Activo'),
(37862894, 'Alberta', 'Mitrikhin', '2 Texas Trail', '1363618357', 'amitrikhinn@google.de', '1995-09-30', '2021-05-08', 'Activo'),
(31996606, 'Horatia', 'Trueman', '658 3rd Junction', '5389727145', 'htruemano@prweb.com', '1995-02-12', '2022-04-21', 'Activo'),
(39076187, 'Travus', 'Mercey', '217 Roth Avenue', '8723504493', 'tmerceyp@go.com', '2000-02-25', '2021-09-15', 'Activo'),
(32481360, 'Janifer', 'Mathwen', '64 Sage Center', '1453097027', 'jmathwenq@seesaa.net', '1994-11-10', '2022-06-30', 'Activo'),
(34256136, 'Revkah', 'Kirvin', '20 Lake View Pass', '5827088704', 'rkirvinr@chronoengine.com', '1994-04-20', '2022-05-27', 'Activo'),
(31175214, 'Edd', 'Duthie', '55 Lerdahl Street', '8523032202', 'eduthies@sbwire.com', '1997-03-25', '2022-09-17', 'Activo'),
(36380797, 'Idell', 'Livingstone', '02298 Marquette Drive', '1114918082', 'ilivingstonet@sogou.com', '1999-02-05', '2021-04-02', 'Activo'),
(33807917, 'Briney', 'Ply', '83 Nelson Hill', '9858000783', 'bplyu@posterous.com', '1993-08-25', '2022-02-24', 'Activo'),
(39117897, 'Emelina', 'Tombling', '72479 Division Circle', '9156300764', 'etomblingv@gravatar.com', '1993-09-07', '2021-08-12', 'Activo'),
(35700469, 'Edyth', 'McCurrie', '0158 Holy Cross Hill', '8974283016', 'emccurriew@fotki.com', '1997-05-01', '2022-04-11', 'Activo'),
(39798194, 'Margy', 'Kinrade', '84446 Ludington Lane', '6195149746', 'mkinradex@hp.com', '1998-07-21', '2022-08-23', 'Activo'),
(34752482, 'Scot', 'Bigham', '9732 Marcy Place', '7363484594', 'sbighamy@mozilla.org', '1994-06-13', '2022-06-19', 'activo'),
(38046889, 'Geno', 'Ryles', '0705 Graedel Hill', '5712279468', 'grylesz@homestead.com', '1996-05-03', '2022-06-06', 'Activo'),
(34204893, 'Bird', 'Staples', '901 Utah Center', '6676983782', 'bstaples10@epa.gov', '1992-01-12', '2020-11-08', 'Activo'),
(31801905, 'Case', 'Jobbins', '91 Steensland Avenue', '7386306104', 'cjobbins11@soup.io', '1992-01-03', '2021-11-26', 'Activo'),
(33996667, 'Wesley', 'Acosta', '877 Kipling Crossing', '5032821359', 'wacosta12@homestead.com', '1995-12-15', '2022-09-02', 'Activo'),
(37642881, 'Heinrick', 'Aynold', '607 Almo Drive', '5996641275', 'haynold13@posterous.com', '1993-05-11', '2021-03-21', 'Activo'),
(37547069, 'Darcee', 'McAllaster', '5545 Steensland Drive', '3027674207', 'dmcallaster14@businesswire.com', '2000-02-13', '2022-01-19', 'Activo'),
(33291235, 'Reinhold', 'Bellord', '721 3rd Court', '2826938650', 'rbellord15@nature.com', '2000-02-01', '2022-03-04', 'Activo'),
(37878059, 'Emmey', 'Spaunton', '6918 Waywood Alley', '8496373268', 'espaunton16@cdc.gov', '1996-05-15', '2021-05-01', 'Activo'),
(38528190, 'Kevin', 'Bergin', '6 Coleman Alley', '2872655301', 'kbergin17@wikispaces.com', '1991-01-27', '2020-10-29', 'Activo'),
(31316788, 'Cathy', 'de Leon', '805 Graedel Street', '4491410395', 'cdeleon18@abc.net.au', '1997-06-15', '2022-07-19', 'Activo'),
(32960554, 'Marsiella', 'Snazel', '96333 Crescent Oaks Alley', '3367170239', 'msnazel19@xinhuanet.com', '1995-05-19', '2021-01-30', 'Activo'),
(38768726, 'Julissa', 'Enion', '4 Anderson Park', '6056848205', 'jenion1a@uiuc.edu', '1998-12-23', '2021-06-16', 'Activo'),
(38866458, 'Daniel', 'Markussen', '41237 Service Crossing', '6945039553', 'dmarkussen1b@netvibes.com', '1999-04-13', '2022-07-29', 'Activo'),
(33096582, 'Silvie', 'Polgreen', '6561 Susan Drive', '6718272874', 'spolgreen1c@vk.com', '1991-02-27', '2022-06-20', 'Activo'),
(31508130, 'Rosalind', 'Mahmood', '5 School Drive', '1563023119', 'rmahmood1d@opensource.org', '2000-09-02', '2021-11-17', 'Activo'),
(29568745,'Luz','Rojas','Suipacha 1254','3513257889','luzrojas@mail.com','2000-03-21','2022-07-30','Inactivo'),
(36874158,'Armando','Casas','Celestino Vidal 2365','3515257841','armandocasas@mail.com','1992-07-10','2022-10-12','Inactivo'),
(35632589,'Ana','Tomia','General Paz 741','3512789456','anatomia@mail.com','1990-04-21','2022-12-05','Inactivo'),
(45789654,'Dolores','Fuertes','Montecristo 569','3512565423','doloresfuertes@mail.com','1975-12-09','2022-03-12','Inactivo'),
(22549879,'Helen','Chufe','Cochabamba 3254','3513896632','helenchufe@mail.com','2002-12-12','2022-08-01','Inactivo'),
(33215587,'Susana','Oria','Alem 2587','3512258963','susnaoria@mail.com','1990-09-17','2022-06-17','Inactivo'),
(25569857,'Elsa','Capunta','Corrientes 1496','3512485247','elsacapunta@mail.com','1999-02-19','2022-02-12','Inactivo'),
(40578456,'Mario','Neta','Malvinas 1114','3515569874','marioneta@mail.com','1982-09-25','2022-05-29','Inactivo'),
(34951575,'Marco','Gol','Patria 32','3514506494','marcogol@mail.com','1989-07-29','2022-11-19','Inactivo'),
(30258745,'Pere','Gil','Padre Luis Monti 2155','3512578512','peregil@mail.com','1990-08-08','2022-09-12','Inactivo');


INSERT INTO DONADORES (dni_persona) VALUES 
(36380797), (37862894), (32481360), (39989721), (31508130), (37409653), (37322198), (38403928), 
(31717590), (39626913), (33291235), (33711027), (38528190), (37547069), (31195243);


INSERT INTO PC_DONADAS (id_donador,fecha_donacion,condicion,tipo,uso,micro,mother,ram,rom,pantalla,falla) VALUES
(1, '2021-07-09', 'usado', 'escritorio', 'hogar', 'intel celeron 3.50ghz', 'msi H310M', 'ddr2 4gb', 'hdd 500gb', '20"', 'metus vitae ipsum aliquam non mauris morbi non'),
(1, '2021-02-06', 'usado', 'escritorio', 'trabajo', 'amd ryzen 3 4.3ghz', 'asus B460m', 'ddr3 4gb', 'hdd 1tb', '17"', 'elementum nullam varius nulla facilisi cras non velit nec'),
(1, '2022-07-21', 'nuevo', 'escritorio', 'trabajo', 'intel core i7 2.5ghz', 'gigabyte GA-H310M', 'ddr3 8gb', 'hdd 500gb', '23"', 'tortor sollicitudin mi sit amet lobortis sapien sapien non'),
(2, '2022-04-21', 'usado', 'notebook', 'hogar', 'intel celeron 3.50ghz', 'gigabyte B460m', 'ddr2 4gb', 'hdd 120gb', '15"', 'in faucibus orci luctus et ultrices posuere cubilia curae'),
(3, '2021-03-30', 'usado', 'escritorio', 'hogar', 'amd athlon 3.50ghz', 'gigabyte GA-H310M', 'ddr2 4gb', 'hdd 160gb + ssd 120gb', '17"', 'odio cras mi pede malesuada in'),
(4, '2020-12-02', 'nuevo', 'notebook', 'hogar', 'intel celeron 3.50ghz', 'gigabyte B460m', 'ddr2 4gb', 'hdd 320gb', '14"', 'habitasse platea dictumst etiam faucibus cursus urna ut tellus nulla'),
(5, '2022-07-26', 'usado', 'notebook', 'trabajo', 'intel core i3 4.3ghz', 'asus B460m', 'ddr3 4gb', 'hdd 500gb', '15"', 'duis faucibus accumsan odio curabitur convallis duis consequat'),
(6, '2021-04-03', 'usado', 'escritorio', 'hogar', 'amd athlon 3.50ghzz', 'gigabyte GA-H310M', 'ddr2 4gb', 'hdd 160gb', '17"', 'varius integer ac leo pellentesque'),
(6, '2021-05-25', 'usado', 'notebook', 'trabajo', 'intel core i5 3ghz', 'gigabyte B460m', 'ddr3 6gb', 'ssd 120gb', '17"', 'mattis egestas metus aenean fermentum'),
(7, '2022-06-13', 'usado', 'escritorio', 'hogar', 'intel celeron 3.50ghz', 'msi H310M', 'ddr2 2gb', 'hdd 500gb', '23"', 'nibh in hac habitasse platea dictumst'),
(8, '2021-02-21', 'usado', 'notebook', 'trabajo', 'amd ryzen 3 4.3ghz', 'gigabyte B460m', 'ddr3 4gb', 'hdd 320gb', '17"', 'fermentum donec ut mauris eget massa tempor convallis'),
(9, '2021-06-21', 'usado', 'escritorio', 'trabajo', 'intel core i5 3ghz', 'gigabyte B460m', 'ddr3 8gb', 'hdd 500gb', '20"', 'scelerisque quam turpis adipiscing lorem vitae mattis nibh'),
(10, '2021-04-16', 'nuevo', 'escritorio', 'hogar', 'intel celeron 3.50ghz', 'gigabyte GA-H310M', 'ddr2 4gb', 'ssd 256gb', '19"', 'lacus at turpis donec posuere metus'),
(11, '2021-12-05', 'usado', 'escritorio', 'trabajo', 'intel core i5 3ghz', 'asus B460m', 'ddr3 4gb', 'hdd 500gb', '17"', 'amet sem fusce consequat nulla nisl'),
(12, '2022-02-25', 'usado', 'notebook', 'trabajo', 'amd ryzen 5 3ghz', 'gigabyte B460m', 'ddr3 8gb', 'hdd 500gb', '14"', 'mattis egestas metus aenean fermentum'),
(12, '2021-02-19', 'nuevo', 'escritorio', 'hogar', 'amd athlon 3.50ghz', 'msi H310M', 'ddr2 4gb', 'ssd 250gb', '15"', 'nibh in hac habitasse platea dictumst'),
(12, '2021-07-09', 'usado', 'notebook', 'trabajo', 'intel core i3 4.3ghz', 'gigabyte B460m', 'ddr3 4gb', 'hdd 500gb', '14"', 'primis in faucibus orci luctus et'),
(13, '2022-05-24', 'usado', 'notebook', 'trabajo', 'intel pentium 4ghz', 'gigabyte GA-H310M', 'ddr2 8gb', 'hdd 160gb', '14"', 'fermentum donec ut mauris eget massa tempor convallis'),
(14, '2022-06-28', 'usado', 'escritorio', 'trabajo', 'intel core i3 4.3ghz', 'msi H310M', 'ddr3 4gb', 'hdd 500gb', '17"', 'scelerisque quam turpis adipiscing lorem vitae mattis nibh'),
(15, '2021-10-01', 'usado', 'escritorio', 'trabajo', 'intel pentium 3ghz', 'asus B460m', 'ddr2 16gb', 'hdd 1Tb', '17"', 'amet sem fusce consequat nulla nisl');

INSERT INTO TALLERES (nombre,direccion,telefono,email) VALUES 
('computec','9773 Eggendart Hill', '9178147311', 'bburden0@desdev.cn'),
('compu mundo','6 Manufacturers Junction', '1679669333', 'slawlie1@sphinn.com'),
('meditec','19541 Sunfield Road', '2615763131', 'lcollin2@linkedin.com'),
('servictec','219 Springview Hill', '2918717604', 'dweatherhill3@reverbnation.com'),
('casa pc','0162 Blackbird Alley', '4667272110', 'ahansod4@istockphoto.com'),
('fixtec','5588 Emmet Crossing', '1236888621', 'wflewan5@wired.com'),
('i fix it','1206 Grasskamp Park', '8553679434', 'vgobel6@thetimes.co.uk'),
('pc jvs','32671 Bartelt Court', '3568136984', 'tvandaalen7@mashable.com'),
('point pc','3 Maryland Point', '8915544355', 'dlabadini8@gmpg.org'),
('armando pc','632 Sunnyside Trail', '6746065172', 'abeddo9@nationalgeographic.com');

INSERT INTO TECNICOS (dni_persona,id_taller) VALUES 
(38459916, 1), (38792588, 1), (31172083, 1), (32960554, 2), (36596421, 2), 
(33364334, 3), (31316788, 4), (33996667, 4), (31996606, 5), (39928443, 5);



INSERT INTO PC_REPARADAS (id_pc_donada,id_tecnico,fecha_reparacion,estado,comentario) VALUES 
(1, 1, '2022-02-19', 'alta', ''),
(2, 5, '2022-08-15', 'alta', ''),
(3, 7, '2022-07-31', 'alta', ''), 
(4, 8, '2022-10-11', 'alta', ''),
(5, 6, '2022-10-07', 'baja', 'cras pellentesque volutpat dui maecenas tristique est et tempus'),
(6, 4, '2020-10-31', 'alta', ''),
(7, 9, '2022-09-12', 'alta', ''),
(8, 9, '2021-09-12', 'alta', ''),
(9, 7, '2022-03-04', 'alta', ''),
(10, 5, '2022-05-16', 'baja', 'habitasse platea dictumst aliquam augue quam sollicitudin vitae consectetuer eget'),
(11, 4, '2022-10-07', 'alta', ''),
(12, 7, '2022-07-30', 'alta', ''),
(13, 10, '2021-07-22', 'alta', ''),
(14, 1, '2022-02-09', 'alta', ''),
(15, 2, '2020-11-03', 'baja', 'quam turpis adipiscing lorem vitae mattis'),
(16, 5, '2022-09-09', 'alta', ''),
(17, 7, '2022-06-12', 'alta', ''),
(18, 2, '2022-07-13', 'alta', ''),
(19, 4, '2020-12-18', 'alta', ''),
(20, 1, '2020-12-25', 'baja', 'eget vulputate ut ultrices vel augue vestibulum ante');


INSERT INTO SELECTORES (dni_persona) VALUES
(38046889),(34256136),(33431128),(37301106),(37642881),
(38768726),(39798194),(32892881),(34204893),(33096582);


INSERT INTO SOLICITANTES (dni_persona) VALUES
(38790177),(39280100),(38866458),(38518290),(34752482),(31801905),(38968141),(38095226),
(37878059),(31175214),(39076187),(35700469),(39117897),(38544236),(33807917);


INSERT INTO SOLICITUDES (id_solicitante,fecha_solicitud,proposito) VALUES
(1, '2022-04-08', 'elit proin interdum mauris non ligula'),
(2, '2021-09-21', 'faucibus orci luctus et ultrices'),
(3, '2021-04-14', 'aliquet pulvinar sed nisl nunc rhoncus dui vel sem'),
(4, '2022-03-20', 'sit amet consectetuer adipiscing elit'),
(5, '2022-02-12', 'nulla mollis molestie lorem quisque ut erat curabitur gravida'),
(6, '2022-02-15', 'praesent lectus vestibulum quam sapien varius ut blandit non'),
(7, '2022-08-23', 'felis fusce posuere felis sed lacus morbi sem mauris laoreet'),
(8, '2021-06-30', 'proin at turpis a pede posuere nonummy integer'),
(9, '2021-06-13', 'felis ut at dolor quis odio consequat varius integer'),
(10, '2020-12-25', 'ante ipsum primis in faucibus orci'),
(11, '2022-02-08', 'cubilia curae mauris viverra diam vitae'),
(12, '2022-02-09', 'convallis nunc proin at turpis'),
(13, '2022-06-27', 'luctus et ultrices posuere cubilia curae nulla dapibus dolor'),
(14, '2020-11-28', 'sit amet sem fusce consequat nulla nisl'),
(15, '2022-05-07', 'erat fermentum justo nec condimentum neque sapien placerat ante nulla');

INSERT INTO EVALUACIONES (id_selector,id_solicitud,fecha_evaluacion,resultado,comentario) VALUES
(9, 1, '2021-06-20', 'aprobado', ''),
(5, 2, '2021-04-12', 'aprobado', ''),
(1, 3, '2021-03-23', 'aprobado', ''),
(7, 4, '2021-10-04', 'aprobado', ''), 
(4, 5, '2022-01-30', 'rechazado', 'justo morbi ut odio cras mi pede malesuada in'), 
(1, 6, '2020-10-31', 'aprobado', ''),
(8, 7, '2021-09-10', 'rechazado', 'amet eleifend pede libero quis orci nullam molestie'),
-- (5, 8, '2020-12-07', 'rechazado', 'libero nullam sit amet turpis elementum ligula vehicula consequat morbi'),
(2, 9, '2022-03-07', 'aprobado', ''),
(9, 10, '2022-05-09', 'aprobado', ''),
-- (6, 11, '2021-06-20', 'rechazado', 'ipsum primis in faucibus orci luctus et ultrices posuere cubilia'),
(3, 12, '2021-05-16', 'aprobado', ''),
-- (1, 13, '2020-12-23', 'rechazado', 'lacus at turpis donec posuere metus vitae ipsum aliquam'), 
(8, 14, '2021-07-28', 'aprobado', ''),
(3, 15, '2022-03-23', 'aprobado', '');


INSERT INTO ENTREGAS (id_evaluacion,id_pc_reparada,fecha_entrega,recepcion) VALUES
(1, 1, '2022-06-07', 'in porttitor pede justo eu massa donec dapibus'),
(2, 2, '2021-03-31', 'quam sapien varius ut blandit non interdum in ante vestibulum'),
(3, 3, '2021-09-04', 'ipsum aliquam non mauris morbi non'),
(4, 4, '2021-06-30', 'orci eget orci vehicula condimentum curabitur in libero ut massa'),
(6, 6, '2021-05-06', 'dolor quis odio consequat varius integer ac leo pellentesque ultrices'),
(9, 7, '2021-02-09', 'orci luctus et ultrices posuere cubilia curae mauris'),
(8, 8, '2022-05-01', 'lacus curabitur at ipsum ac tellus semper interdum mauris ullamcorper'),
(10, 9, '2021-01-23', 'vel accumsan tellus nisi eu'),
(11, 11, '2021-09-25', 'ac tellus semper interdum mauris ullamcorper purus sit amet nulla'),
(12, 12, '2020-11-19', 'vestibulum quam sapien varius ut blandit non interdum');
